Workbook

Sheet Instructions
B2: Case Study Project Tracker
B3: Java Full Stack Training — Capstone Case Study
B5: How to use this workbook
B6: 1. Go to the 'Task Tracker' sheet. Each trainee/team lists the tasks (modules, features, sub-tasks) for their case study there — similar to a sprint backlog in a real software team.
B7: 2. Update your task's Status, % Complete, and Hours Spent regularly (daily/every alternate day) — do not wait until the deadline.
B8: 3. Use the 'Daily Work Log' sheet every working day to record what you did, like a standup update: Yesterday's work, Today's plan, and any blockers.
B9: 4. The 'Dashboard' sheet updates automatically from the Task Tracker sheet — do not edit it directly.
B10: 5. Cells shaded light yellow are example rows — replace them with your own data. Do not delete the header rows.
B12: Column & Status Legend (Task Tracker sheet)
B13: Status values: Not Started, In Progress, Blocked, In Review, Completed
B14: Priority values: High, Medium, Low
B15: % Complete: enter a whole number between 0 and 100 (e.g., 50 for 50%).
... B26: Team: Sriram, Akash, Nitish, Harsha — tasks are split equally (15 estimated hours each). See "Team Workload Split" on the Dashboard.

Sheet Task Tracker
A1: Case Study Task Tracker
A2: Update Status, % Complete and Hours Spent regularly. See 'Instructions' sheet for the legend.
A4: Task ID | B4: Module / Feature | C4: Task Description | D4: Assigned To | E4: Priority | F4: Status | G4: Start Date | H4: Due Date | I4: Est. Hours | J4: Hours Spent | K4: % Complete | L4: Remarks / Blockers | M4: Last Updated
A5: T-001 | B5: Database / Entities | C5: Create entity classes and relationships for all tables (UserLogin, Patient, Doctor) | D5: Sriram | E5: High | F5: Completed | G5: 46295 | H5: 46295 | I5: 1 | J5: 1.5 | K5: 100 | L5: None
A6: T-002 | B6: Database / Entities | C6: Create entity classes and relationships for tables ( Appointment, Address) | D6: Harsha | E6: High | F6: Completed | G6: 46295 | H6: 46295 | I6: 1 | J6: 1 | K6: 100 | L6: None
A7: T-003 | B7: Database / Entities | C7: Create entity classes and relationships for tables ( Bill, Medicine) | D7: Nitish | E7: High | F7: Completed | G7: 46295 | H7: 46295 | I7: 1 | J7: 1 | K7: 100 | L7: None
A8: T-004 | B8: Database / Entities | C8: Create entity classes and relationships for tables ( Prescription, Prescription Items) | D8: Akash | E8: High | F8: Completed | G8: 46295 | H8: 46295 | I8: 1 | J8: 1 | K8: 100 | L8: None
A9: T-005 | B9: Database / Repositories | C9: Create Spring Data JPA repository interfaces for all entities | D9: Nitish | E9: High | F9: Completed | G9: 46296 | H9: 46296 | I9: 1 | J9: 1 | K9: 100 | L9: None
A10: T-006 | B10: DTO Layer | C10: Create request and response DTOs (Java records) with validation annotations | D10: Harsha | E10: High | F10: Completed | G10: 46296 | H10: 46296 | I10: 2 | J10: 1 | K10: 100 | L10: None
A11: T-007 | B11: Patient & Doctor Management | C11: Patient and Doctor services: register, get by id / user id, get all, doctors by department, update, delete | D11: Sriram | E11: High | F11: Completed | G11: 46297 | H11: 46297 | I11: 5 | J11: 6 | K11: 100 | L11: Written, waiting for testing
A12: T-008 | B12: Appointment Booking | C12: Appointment service: book with doctor slot-overlap check, cancel, reschedule, get by patient / doctor / date, update status | D12: Nitish | E12: High | F12: Completed | G12: 46297 | H12: 46297 | I12: 3 | J12: 4 | K12: 100 | L12: Fixed 30-minute slot length to be confirmed with sir
A13: T-009 | B13: Prescription & Address | C13: Prescription service (create / update with items) and Address service (save or update, get) | D13: Akash | E13: Medium | F13: Completed | G13: 46297 | H13: 46297 | I13: 5 | J13: 5 | K13: 100 | L13: Waiting for testing
A14: T-010 | B14: Billing & Medicine | C14: Bill service (consultation and medicine bills, update status) and Medicine service (add, search, update, delete) | D14: Nitish | E14: Medium | F14: Completed | G14: 46297 | H14: 46297 | I14: 4 | J14: 3 | K14: 100 | L14: Waiting for testing
A15: T-011 | B15: Exception Handling | C15: Global exception handler with custom exceptions mapped to proper HTTP status codes | D15: Sriram | E15: Medium | F15: Completed | G15: 46297 | H15: 46297 | I15: 3 | J15: 1 | K15: 100 | L15: Handlers for newer exceptions to be added and tested
A16: T-012 | B16: REST Controllers | C16: REST controllers for all 8 modules with validation and consistent URL style | D16: Sriram | E16: High | F16: Completed | G16: 46298 | H16: 46298 | I16: 8 | J16: 12 | K16: 100 | L16: Fixed path variable bug in AppointmentController
... A22: T-018 | B22: Testing | C22: Test all APIs in Postman: add doctor, register patient, login, book appointment, prescription, bill | D22: Akash | E22: High | F22: Completed | G22: 46300 | H22: 46300 | I22: 7 | J22: 3 | K22: 100 | L22: None

Sheet Daily Work Log
A1: Daily Work Log
A2: Fill one row per person per working day — like a daily standup update.
A4: Date | B4: Participant Name | C4: Task ID | D4: Work Done Today | E4: Hours Spent | F4: Status | G4: Blockers / Issues | H4: Plan for Tomorrow
A5: 46295 | B5: Sriram | C5: T-001 | D5: Create entity classes and relationships for all tables (UserLogin, Patient, Doctor) | E5: 1.5 | F5: Completed | G5: None | H5: Repository and Service layers
A6: 46295 | B6: Harsha | C6: T-002 | D6: Created entity classes and relationships for tables ( Appointment, Address) | E6: 1 | F6: Completed | G6: None | H6: Service layers for the created Entities
A7: 46295 | B7: Nitish | C7: T-003 | D7: Create entity classes and relationships for tables ( Bill, Medicine) | E7: 1 | F7: Completed | G7: None | H7: Service layers for the created Entities
A8: 46295 | B8: Akash | C8: T-004 | D8: Create entity classes and relationships for tables ( Prescription, Prescription Items) | E8: 1 | F8: Completed | G8: None | H8: Service layers for the created Entities
A9: 46296 | B9: Nitish | C9: T-005 | D9: Created Spring Data JPA repository interfaces for all entities | E9: 1 | F9: Completed | G9: None | H9: Implementation Of Service layers
A10: 46296 | B10: Harsha | C10: T-006 | D10: Created request and response DTOs (Java records) for all modules | E10: 2.5 | F10: In Progress | G10: None | H10: Add validation annotations to the DTOs
A11: 46297 | B11: Harsha | C11: T-006 | D11: Added validation annotations (@NotNull, @Size, @Email) to all DTOs | E11: 2.5 | F11: Completed | G11: None | H11: Start REST controllers for all modules
A12: 46297 | B12: Sriram | C12: T-007 | D12: Patient and Doctor services: register, get by id / user id, get all | E12: 3 | F12: In Progress | G12: None | H12: Doctors by department, update and delete
A13: 46297 | B13: Nitish | C13: T-008 | D13: Appointment service: book with doctor slot-overlap check and cancel | E13: 2 | F13: In Progress | G13: None | H13: Reschedule, get by patient / doctor / date, update status
A14: 46297 | B14: Nitish | C14: T-010 | D14: Bill service: consultation and medicine bills | E14: 1.5 | F14: In Progress | G14: None | H14: Update bill status and start Medicine service
A15: 46297 | B15: Akash | C15: T-009 | D15: Prescription service: create and update with items | E15: 2 | F15: In Progress | G15: None | H15: Address service (save or update, get)
A16: 46300 | B16: Harsha | C16: T-012 | D16: REST controllers for the modules with validation and consistent URL style | E16: 5 | F16: In Progress | G16: None | H16: Finish remaining controllers and start frontend setup
... A24: 46301 | B24: Akash | C24: T-009 | D24: Reviewed Prescription and Address services | E24: 1 | F24: In Review | G24: Waiting for testing | H24: Start Postman API testing

Sheet Dashboard
B2: Project Tracker Dashboard
B3: Auto-calculated from the 'Task Tracker' sheet — do not edit these cells.
B5: Task Status Summary
B6: Total Tasks | C6: =COUNTIF('Task Tracker'!$A$5:$A$29,"<>") -> 18
B7: Not Started | C7: =COUNTIF('Task Tracker'!$F$5:$F$29,"Not Started") -> 0
B8: In Progress | C8: =COUNTIF('Task Tracker'!$F$5:$F$29,"In Progress") -> 0
B9: Blocked | C9: =COUNTIF('Task Tracker'!$F$5:$F$29,"Blocked") -> 0
B10: In Review | C10: =COUNTIF('Task Tracker'!$F$5:$F$29,"In Review") -> 0
B11: Completed | C11: =COUNTIF('Task Tracker'!$F$5:$F$29,"Completed") -> 18
B13: Effort Summary
B14: Total Est. Hours | C14: =SUM('Task Tracker'!$I$5:$I$29) -> 60
B15: Total Hours Spent | C15: =SUM('Task Tracker'!$J$5:$J$29) -> 61.5
B16: Avg. % Complete | C16: =IFERROR(AVERAGE('Task Tracker'!$K$5:$K$29),0) -> 100
B20: Status | C20: Count | E20: Metric | F20: Hours
B21: Not Started | C21: =C7 -> 0 | E21: Est. Hours | F21: =C14 -> 60
B22: In Progress | C22: =C8 -> 0 | E22: Spent Hours | F22: =C15 -> 61.5
B23: Blocked | C23: =C9 -> 0
B24: In Review | C24: =C10 -> 0
B25: Completed | C25: =C11 -> 18
B36: Team Workload Split
B37: Member | C37: Tasks | D37: Est. Hours | E37: Hours Spent | F37: Share of Est. Hours | G37: Avg. % Complete
B38: Sriram | C38: =COUNTIF('Task Tracker'!$D$5:$D$29,B38) -> 5 | D38: =SUMIF('Task Tracker'!$D$5:$D$29,B38,'Task Tracker'!$I$5:$I$29) -> 21 | E38: =SUMIF('Task Tracker'!$D$5:$D$29,B38,'Task Tracker'!$J$5:$J$29) -> 24.5 | F38: =IFERROR(D38/$D$42,0) -> 0.35 | G38: =IFERROR(AVERAGEIF('Task Tracker'!$D$5:$D$29,B38,'Task Tracker'!$K$5:$K$29)/100,0) -> 1
B39: Akash | C39: =COUNTIF('Task Tracker'!$D$5:$D$29,B39) -> 4 | D39: =SUMIF('Task Tracker'!$D$5:$D$29,B39,'Task Tracker'!$I$5:$I$29) -> 15 | E39: =SUMIF('Task Tracker'!$D$5:$D$29,B39,'Task Tracker'!$J$5:$J$29) -> 12 | F39: =IFERROR(D39/$D$42,0) -> 0.25 | G39: =IFERROR(AVERAGEIF('Task Tracker'!$D$5:$D$29,B39,'Task Tracker'!$K$5:$K$29)/100,0) -> 1
B40: Nitish | C40: =COUNTIF('Task Tracker'!$D$5:$D$29,B40) -> 5 | D40: =SUMIF('Task Tracker'!$D$5:$D$29,B40,'Task Tracker'!$I$5:$I$29) -> 15 | E40: =SUMIF('Task Tracker'!$D$5:$D$29,B40,'Task Tracker'!$J$5:$J$29) -> 15 | F40: =IFERROR(D40/$D$42,0) -> 0.25 | G40: =IFERROR(AVERAGEIF('Task Tracker'!$D$5:$D$29,B40,'Task Tracker'!$K$5:$K$29)/100,0) -> 1
B41: Harsha | C41: =COUNTIF('Task Tracker'!$D$5:$D$29,B41) -> 4 | D41: =SUMIF('Task Tracker'!$D$5:$D$29,B41,'Task Tracker'!$I$5:$I$29) -> 9 | E41: =SUMIF('Task Tracker'!$D$5:$D$29,B41,'Task Tracker'!$J$5:$J$29) -> 10 | F41: =IFERROR(D41/$D$42,0) -> 0.15 | G41: =IFERROR(AVERAGEIF('Task Tracker'!$D$5:$D$29,B41,'Task Tracker'!$K$5:$K$29)/100,0) -> 1
B42: Total | C42: =SUM(C38:C41) -> 18 | D42: =SUM(D38:D41) -> 60 | E42: =SUM(E38:E41) -> 61.5 | F42: =SUM(F38:F41) -> 1 | G42: =IFERROR(AVERAGE('Task Tracker'!$K$5:$K$29)/100,0) -> 1
